{"xTicks":[-50,-45,-40,-35,-30,-25,-20,-15,-10,-5,0,5,10,15,20,25,30,35,40,45,50],"matrix":[[19.245889805994981,19.03635416278426,19.6862467528789,21.027105775119953,30.144328431990434,48.865099853662883],[14.423533798041921,14.829649700631748,14.634364487805009,16.096505987040604,23.545317271028591,42.343633954440136],[9.270325494197202,9.2879630527574975,9.2387748918236632,9.9072898042615432,14.86553943255397,31.265927985178308],[5.2550671327426333,6.0981153365919445,6.1222120701112921,6.50856749435222,11.870562183969048,26.93838791021567],[2.5280599066265994,2.893320289766633,2.9228922430741311,3.909240990369403,7.6342092638826751,19.292257202207402],[0.80931971065741348,1.1255429531511414,1.344580048131816,2.2634991604453187,5.53148126372742,14.841722315566285],[-0.039616935712606834,-0.24230903654089381,0.72879904965114006,1.4860494330141132,4.5054140472138196,12.855592418023793],[-1.1168685424231508,-0.69425480639343651,0.26270454660071652,1.7520262328839422,2.1510666156273284,8.1072471501188357],[-0.78333416396927324,-1.2041712136072948,-0.64829170371441636,0.93556681209570414,1.6788072376362373,5.3294060890272092],[-0.826325837087616,0.23826984944082163,-0.46987009163490784,0.88001397008788129,0.12689267948229616,2.286367196520914],[-0.87681567829338536,-1.7710386992224714,-0.71163318980584533,-0.82213537742077392,-0.24085963928500956,-0.67676451154237471],[0.71277758712961858,0.56061820320289224,-0.0036738785881921389,-0.90366549854465628,-1.7230563117862485,-4.3939526506247146],[0.21459506103824708,-0.75962151345454276,-0.27488907339982183,-1.8854190436457805,-1.8915715343782851,-6.6947037230054027],[-0.25622265819319245,-0.70666034340348849,-1.2112041768902189,-2.2011567535405279,-3.4810157299776012,-8.77294980040022],[-1.1859215470202005,-0.91399850114736669,-1.6931497269151032,-2.7585291564076027,-4.9955196471251613,-12.866431703088974],[-1.8850387355816696,-1.8068496857565952,-2.9076336613661016,-3.5138610549176614,-6.0660866197381287,-15.784126588907133],[-3.5487104888929508,-3.2511088836343003,-3.9856177975001645,-4.6684224169639013,-8.60872081269288,-20.817937329928039],[-6.1850288264039905,-6.67774933090958,-6.6751251033670034,-7.3766093872908263,-12.495698309054717,-26.885594625822986],[-9.953257046528039,-9.57099342586851,-9.8585682323385573,-10.222095438010534,-15.694979034734638,-31.742036963966992],[-14.034133804475712,-14.339181219998885,-14.643444112311364,-15.690705746083008,-23.312601003712459,-39.627964180229554],[-19.058215039603038,-19.929810926805512,-20.418930345876525,-21.180522003078423,-31.898992884625059,-49.2149058666336]],"errorMatrix":[[1.5538744161333027,1.7489160744029448,1.7844031626773158,2.2793545370931603,2.7648608821248661,3.7484754315591551],[1.6118962175084341,1.6125158766506316,1.7561191361750692,2.1961462558768514,3.0224262226855134,3.9518117943667228],[1.5442731764022286,1.4447953135847187,1.4734547916615486,1.4561326024051453,2.6404180982737824,3.8701590578818603],[1.305361996827203,1.3350517823966042,1.2383864438606906,1.4877643780581242,2.3008596092669418,3.955078807468658],[1.4108611763885155,1.0470806751613435,1.42309824518732,1.5859690074395121,2.4437494243227089,3.2384123501607824],[1.5348247821361949,1.1902558331807824,1.7461627268803279,2.1373143526788456,2.3862498081269758,3.3893234495798259],[1.7580474510846338,1.8541283188383533,2.2698975689900371,2.1039044243902625,2.3004427275369479,2.495056385810738],[2.4357011317362174,2.021638445071988,2.4823927612902357,2.0221592422232884,1.7293230644423214,2.8803316261089313],[2.9037547786853444,2.1891495990039269,2.4716897361091634,1.9396685723124696,2.060007554412516,2.81578858781895],[3.4381849421499582,2.89638059447565,2.3913400350851348,2.4137419834532827,1.9094908104181672,2.9279957891702066],[3.1684584898678607,3.247488347110278,2.42768168243894,2.2063802658396212,2.2855849310522336,2.6020242827129141],[3.8150954092581864,3.0332486672211707,2.7675894288566329,2.556239929435618,2.1674814354061183,3.046881877723528],[2.7093386300540154,2.7767092574010968,2.4823539983554208,2.3213964125338795,1.7725551653434428,3.3947170499558927],[2.2951541388580634,2.0695189090943416,2.4036569250829309,2.4497195020720319,2.2827286615861784,2.47628253942276],[1.9775496006975404,1.7124285747980272,1.9987956254569312,1.8849054113081798,2.4433976953999026,3.163473567551057],[1.6372467366909391,1.7471916168232491,1.8100245916758695,1.973940286094219,2.2380170640240684,3.194980682913044],[1.2300758738249824,1.1852940892387376,1.3255703194917092,1.4466086228255972,2.2609051385712626,3.0771182617496713],[1.4966193410245936,1.2293820335226879,1.2245754228223624,1.5134120844118075,3.0029652079894,3.13805429046884],[1.367993648116671,1.3483002349258162,1.5465566020547261,1.2755273600651487,2.559357383845192,3.4259267270624991],[1.491682644919978,1.335326870579056,1.4479283837873254,1.8801677851972689,2.8422689083808823,4.4967288611786165],[1.4899307963667432,1.6630023390437636,1.9529666373634289,1.8212967791866848,3.074362475447816,3.5079052094726575]],"plotVarErrorBarsInd":3,"xRange":[1,2,3,4,5,6,7,8,9,10,11,12,13,14,15,16,17,18,19,20,21],"xLabel":"heading (deg)","yLabel":"delta degrees (x-axis)","labels":["MSTd-distWtSigmaModifier : 1","MSTd-distWtSigmaModifier : 0.8","MSTd-distWtSigmaModifier : 0.6","MSTd-distWtSigmaModifier : 0.4","MSTd-distWtSigmaModifier : 0.2","MSTd-distWtSigmaModifier : 0.1"],"title":"{\\gamma} = 0.5"}