{"xTicks":[-50,-45,-40,-35,-30,-25,-20,-15,-10,-5,0,5,10,15,20,25,30,35,40,45,50],"matrix":[[34.094898665701905,30.6182530363962,24.681818164895166,19.618734346301409,17.666462180943991,17.2761601818487,17.199579209066769],[29.055422708614824,25.749401132239417,19.580974926690022,14.782370250445434,12.934719991037973,12.182834410608439,12.955368332168776],[24.663729816622194,20.391853468384863,13.642317847308432,9.1168638405520532,8.4362195602437318,7.4021576341950572,7.5153410472424813],[19.338800982838887,15.695780533784495,8.4910471034794028,6.1062823145342868,5.5365624078016511,5.3186992337195509,4.6654704628343806],[16.328577043913391,12.105832835276569,5.0198894350926029,3.3665452484086562,2.5050517847176961,2.4584491642674005,2.4704674757798806],[15.924494765982127,8.655827789984782,2.5644175265354994,1.6104585764213761,1.0198117977115349,1.6451990960224385,1.0809629397293932],[14.319418735600117,6.474598643800916,0.94834017888329269,0.60762463091891927,0.36331101538972987,0.45544028610431353,-0.021762680385598684],[12.95286041780181,4.7517894486753471,0.80824338824741471,0.17137214720295918,-0.23258466276223608,0.83936150685807409,0.508310597260921],[8.1971874152514577,2.8106107476780404,-0.31307983047175453,-0.025564174577708237,-1.0658214285035168,0.64640655128471891,0.9476088635102724],[4.4562149673680862,1.5745951455492946,-0.15308971670342295,0.12312506820342012,-0.5076596687420557,0.31105174898874888,0.30832758766158469],[-0.79632174415363421,-0.29877730391407809,-0.68835312946643423,-0.80755959381138953,-0.72106389455686637,-1.1590032085367661,0.38555566384257917],[-4.9533082500237811,-1.5812220151551455,0.11141712238132241,0.2485213243481435,-0.76444179267973467,-0.39594984773220687,0.47513461192408329],[-9.9099894539817637,-3.9210765253010127,-1.1485789467633238,-0.99842482114734654,-1.4601917178539137,-0.49086271229986944,-0.67870614591320122],[-14.092453489155567,-5.618055315906922,-1.4182427599477405,-1.3252534960212217,-0.89274206175010018,-1.193278015525749,-1.2863556453523251],[-16.815304080248843,-7.7538743558732168,-2.6550752008830809,-1.1300915371661535,-1.079109573243259,-1.7141527013601268,-1.4014002637784302],[-20.211295727788631,-11.606765441801503,-3.9976588915707882,-2.491485943429149,-2.0801324167678055,-2.3217377093765386,-2.7725426776710549],[-18.042054739233553,-12.906644209645631,-5.87100469038151,-3.7898912405878811,-3.5329664656065769,-3.7050546557208124,-3.478301365229298],[-21.267390059970648,-16.545805150668244,-9.3423988233359267,-6.5257832710721608,-6.5306594549816479,-6.1338381418583516,-6.0076876036819327],[-26.688525747176836,-21.592352296376667,-13.841800875012487,-9.6799116087226409,-8.7520746194935466,-8.6063240464676412,-8.7798593822178663],[-30.595979440176176,-26.536976701141171,-19.562502052101202,-14.662072549489155,-13.494867666045781,-12.312668766915356,-12.908404876686477],[-35.89916241690468,-31.799679586250125,-25.999547039395683,-20.2716482295383,-18.174185911663525,-18.417520444309815,-18.711641132663964]],"errorMatrix":[[1.5019720641674743,1.6407451262659094,1.234423614150723,1.7601531962477626,1.7365095736686675,2.2402892499760103,2.4017454288364397],[1.6432659725606742,1.380887973172273,1.816756450642306,1.5445050151585766,1.6342307015809081,1.9283137014771305,2.193033449287757],[1.3166236246760799,1.4559671679615491,1.5516602973443336,1.5271255529420906,1.3882752012187245,1.5335951030433657,2.1398217898220881],[1.606216424479854,1.5776229294155411,1.0618650798497922,1.231281335648017,1.5609627685128369,1.8563618589074793,2.283432749898108],[1.2087456527512561,1.5456878899336703,1.3595890233617842,1.3417454599675733,1.3657622308649777,1.9952334541901926,1.8287489761499549],[1.4641666009719225,1.6042377200660642,1.3869027186854364,1.492737060211708,2.07647228195199,1.9724702059239019,1.9006051498014624],[1.4293636325308021,1.3771684929475818,1.6787088493059634,2.1892169723589912,2.2244169928405344,2.2300065154869744,2.4997438087119486],[1.5256164849741236,1.7673305521765208,1.8332103482674558,2.4306794996117254,2.7868622580203,2.8323328735087951,3.0741839607373227],[1.0060171279235188,1.9351958929635344,2.0080320920831958,2.3931914336817974,3.3035377872734211,2.57018440910053,3.4946677090047444],[1.1654379031430349,1.7208205986344542,2.2254551129423468,2.22462130500267,2.895837870316353,4.5116255082392991,3.7514371551524843],[1.4704696603425942,1.7250756852971305,2.0695258591308723,2.3952291007048672,2.552715631193835,3.2895102343720675,3.5236997763043307],[1.1971217203959061,1.7546626248181327,1.8993782737423799,2.3477470061598682,3.0485455389416747,3.7952853349415125,3.1872046214246903],[1.3660722908381586,1.5068249471232023,2.2775404294414314,2.7531468940104871,2.4832881447400377,2.8019073265925214,2.6941737350596653],[1.3230067225850264,1.5632271356462182,1.7472976328208889,2.1419322487518482,2.737707937231975,2.86055709220115,3.6552054021610738],[1.4016894117441487,1.811237780876116,1.7298500281531219,1.7602897625920977,2.1800428517250015,2.4090553653177085,2.5590670666470241],[1.2742817399458533,1.8600029958256465,1.6371196737480016,1.8436401999125922,1.6675580160545944,2.3742880761677942,2.141356324982016],[1.0560397932102061,1.3673419672486531,1.3932548711532302,1.2712997358362934,1.6845251233994178,1.8538247480968564,1.9829338350575443],[1.6074836104863639,1.4241945931845752,1.4976136244529392,1.3823024046953012,1.5835294945422063,1.6601118141823425,1.8397377775238191],[1.5269205411314644,1.7659313898826263,1.5870887542283436,1.5597767157496809,1.5703869638097097,1.7827152083154412,2.1304060130925087],[1.3961424426057312,1.5046159750380712,1.538241559528355,1.6653702252505134,1.651165343843636,1.9949822963175812,2.0658146844374921],[1.5109460596718725,1.4834169063003451,1.7214654556185163,1.7951044615741565,1.888519585575553,3.2322063786292237,3.1978634711764493]],"plotVarErrorBarsInd":3,"xRange":[1,2,3,4,5,6,7,8,9,10,11,12,13,14,15,16,17,18,19,20,21],"xLabel":"heading (deg)","yLabel":"delta degrees (x-axis)","labels":["MT-directionPreferenceVarianceFromCenter : 0","MT-directionPreferenceVarianceFromCenter : 60","MT-directionPreferenceVarianceFromCenter : 120","MT-directionPreferenceVarianceFromCenter : 180","MT-directionPreferenceVarianceFromCenter : 240","MT-directionPreferenceVarianceFromCenter : 300","MT-directionPreferenceVarianceFromCenter : 360"],"title":"{\\gamma} = 0.5"}