{"xTicks":[-50,-45,-40,-35,-30,-25,-20,-15,-10,-5,0,5,10,15,20,25,30,35,40,45,50],"matrix":[[42.5674716755375,27.317813744108488,19.197705729643133,14.647408235167266,11.417175389048076],[38.386739210643448,23.368077174428855,15.512586825232884,10.792640091474967,7.4008967581019478],[33.228264981045186,16.315403275308686,9.4635932605700255,5.8606522320582553,2.8326241103121204],[28.694057675964771,15.598040708454569,6.8980069041918588,3.8249805867821203,1.7310180399001589],[24.482636524603471,14.395357242016809,6.9746298127790034,3.0498904407990697,1.4892392894163178],[20.160702142754058,13.907725371186336,7.8678001566531943,3.299299436703635,1.5755763464645043],[16.356285664354512,13.260196220937814,10.784073282385725,5.3710513587181374,2.4820408014182793],[11.905111250385893,10.376941508319161,9.97917950949969,8.2857089889782838,3.430416250560592],[7.7924160906615,6.9306113277604595,6.9854077206461094,6.6309318450858674,5.1663888132012881],[3.7108275959443233,3.3481709464100504,3.1059526847457617,3.1442526380916922,2.983926256561964],[-0.61879386272177572,-0.325090227785509,-0.55509114686126038,-0.46815103378669431,-0.57553941817757326],[-4.574423341083393,-4.0064187491960812,-4.1176163491666378,-4.1919950358310913,-4.12268428869798],[-8.90820077021776,-7.8180722662582482,-7.7843239716240635,-7.4682093604793218,-6.5070050273233084],[-12.998975412388138,-11.181339235064852,-10.346247289309614,-9.1713103738565742,-4.8028326729429756],[-17.045312390401229,-14.262844103677562,-11.811799796870096,-6.4186535993884464,-2.8238729230959558],[-21.228091584347638,-15.782588830863755,-9.8935425206395013,-4.7753071893045558,-2.4399387035412818],[-25.172480003837531,-16.246291767308286,-7.6211073013860462,-4.2504457359608594,-2.3470683079110817],[-29.656787598440729,-15.373210564047234,-9.24537739744328,-4.5772357397285317,-2.2403399895720413],[-33.674744511179277,-15.70941291077494,-9.3234373150728747,-5.40818558445439,-3.6355702402077],[-38.452668594285775,-19.803938073426409,-14.144202645966622,-10.219384456153016,-7.40171939790838],[-43.368127034740056,-27.552862135961554,-19.653436909516824,-15.311499515214946,-12.328547000288195]],"errorMatrix":[[1.1748467024923486,4.1869294877953243,2.7427051520171841,2.4916853050257197,2.3027812027416328],[1.2756415399911194,4.6664650726567345,3.3109918343970568,2.0813785740464774,2.6972189944361395],[1.1770006043228511,4.3353492886975253,2.3076568189900937,2.1716600100468759,2.2245579538731732],[0.94514546475065608,3.745866125370791,2.3396117220410546,2.1930019168833708,2.469789530654082],[0.88436230806064109,3.4250167662484063,3.3045052833420963,2.5155622190308291,1.8507923342754502],[0.79779788372781979,2.2025623348356445,3.3469026353005855,2.1785287624137886,2.2665595128173881],[0.84168881786342686,0.98890027827839044,2.4064596259387474,3.1930947578649742,2.7403665568645361],[0.73898616735000455,0.80169613788787186,1.0787198010892609,2.0365793852151644,3.2130273744302382],[0.63540818184323822,0.55397213714375471,0.60114573321495035,0.77752164433598736,1.7699991703584448],[0.6159018999179724,0.56240426338135474,0.54907398452321265,0.667669802794824,1.1324146074070631],[0.60640862151247632,0.64000850135179155,0.466857890637305,0.42864279436836916,0.48045419783086746],[0.64944366057098424,0.6535231232440607,0.52991501476521441,0.6587897545245669,0.6113082958019227],[0.61326290820401119,0.60453518514618432,0.55505205407674285,0.7050364981654571,1.3877251747904749],[0.53433345851253589,0.89746096254333441,1.06563365519899,1.4649948083092788,2.7857436594077414],[0.81079676275719281,1.0113593727043004,1.9892970427121168,2.8358481433835658,1.98910166122238],[0.82300695578118077,2.1132663103825595,3.5553446384698497,2.8661923400143388,1.9682101951575774],[0.9116216303208533,3.1413692368401187,2.6371171956473276,2.3211241338812272,2.4554637573825344],[1.021155601926091,2.8758418905561949,2.52879489101091,2.5435947271056323,2.1400327876826815],[1.0979409865425396,3.7423043563244143,2.5949822868690342,2.4206399051280858,2.1238901251910871],[1.1853021896516263,3.4287713556499235,2.6477680201440803,2.3860003720435428,2.3951851120077672],[1.5106588917615436,5.2360175435592451,3.1584580166914522,2.2485591523357309,3.035140145457953]],"plotVarErrorBarsInd":3,"xRange":[1,2,3,4,5,6,7,8,9,10,11,12,13,14,15,16,17,18,19,20,21],"xLabel":"heading (deg)","yLabel":"delta degrees (x-axis)","labels":["MSTd-cosTuningExp : 1","MSTd-cosTuningExp : 2","MSTd-cosTuningExp : 4","MSTd-cosTuningExp : 8","MSTd-cosTuningExp : 16"],"title":"{\\gamma} = 2"}