{"xTicks":[-50,-45,-40,-35,-30,-25,-20,-15,-10,-5,0,5,10,15,20,25,30,35,40,45,50],"matrix":[[46.623743653246919,45.014327740055585,39.544661778272769,26.578899673197711,22.294083278032435,22.476221699768239,22.95937031605099],[41.655775193853167,39.9326099756876,34.496760153714057,23.223661392107406,17.418252198856,17.259544600244979,19.227705982108883],[36.804071992213437,34.915144930623818,28.498523004241363,15.988036230338544,13.866292027643008,12.616628213061459,16.0107999408017],[31.720002298771625,29.831737134996629,23.338661906518059,16.196927736167112,13.321346741080328,11.970943003853804,14.970846270324763],[27.175340148662158,25.016073846303133,20.23875062692991,15.307591060614229,12.858477409995213,11.844806996918759,13.27060387396002],[22.970688448670888,20.754268677412128,16.755723373352403,14.032084399751502,13.400024678895573,13.461866013791518,12.969384695678317],[18.490661164154275,16.283131887775088,14.140509169372477,13.190139911656532,13.186917979730353,12.840032493027179,13.335467887034703],[14.223206319411533,12.097179573753984,10.775288479448109,10.190832405751705,10.143834650586165,10.21680720224291,10.208662078767988],[9.1488366522867146,7.8995261461628683,7.0889370046805,6.7155236446053141,6.9208437020838254,7.0014878343439841,7.1360074272189351],[4.5694832814391262,3.79247013552943,3.4419934596713309,3.3314881495224533,3.4652865672493363,3.4568644109371744,3.2011954527649986],[-0.510217669707624,-0.60404107546844055,-0.585743565890354,-0.53845194363867332,-0.48399709438398392,-0.39820877774486363,-0.568236696412969],[-5.3085527531184082,-4.4905879939001183,-4.2175252576788,-4.2483693491121191,-4.0499548535864722,-4.3709880884258583,-4.0276271920060172],[-10.342262150953252,-8.7100805307554161,-8.2219976141711957,-7.93207516951188,-7.9768764902168865,-7.9172995286743983,-8.019812636605586],[-15.120150887504023,-13.009155457000372,-11.453160952165856,-11.14129356342626,-11.219946945887664,-11.146204678903496,-11.158490699748418],[-19.627321247728094,-17.12386186361422,-14.725477772481673,-14.070101390970972,-14.078913029583655,-13.756637012501457,-13.809694965788822],[-24.463080368443375,-22.087745695579155,-18.135401767329725,-15.43577859295949,-15.040489974623647,-14.673776366868,-13.910921659130045],[-28.21396479247829,-26.153453131444603,-20.76191319946858,-16.217020466685447,-13.658074292434705,-14.199737611061485,-14.601153955505703],[-32.738913235326805,-30.5786561372254,-23.944353288921334,-16.494086339638034,-13.218675617696329,-13.525648660651656,-14.09923035082843],[-37.878050499026621,-35.926685577026454,-27.694813553879786,-15.269999731928706,-13.282686671624413,-12.073119694439715,-14.243394493774931],[-42.583788408919411,-40.630841421166551,-34.563637405996751,-20.896408489161296,-17.809769730911288,-16.313809061985168,-17.450928022668947],[-47.777699595880769,-45.730071396243851,-40.105725875841664,-26.307210897297974,-21.803038454106908,-22.155082037487592,-26.545652250366452]],"errorMatrix":[[0.61048927057108715,0.65531293585839978,1.7974572003452751,4.2102265111770985,4.227247183167937,4.3044388658079153,6.8897338986845478],[0.62384755059684549,0.64066677992051324,1.95273915087013,4.18897714217072,3.5133823072043211,4.0575489362919912,6.3506328927983962],[0.67263082374969474,0.56758087547892855,1.9721325511791374,4.5206996306160665,4.3483309036123172,4.0230337036485606,6.0830632366695427],[0.633522218509201,0.71956157694526146,1.77114122793182,3.8581159858157581,3.7731637558984867,4.4491410431209735,5.3974698899355245],[0.57885368018287364,0.59110971100963861,1.6778827297540908,3.1618264480114497,3.8428070075774095,4.7082830006997947,5.4207033421312989],[0.48004294613771004,0.58443117905529185,1.1546554744750626,1.9705619568055828,2.6955177405635253,2.6301258848512776,3.723197791599536],[0.48614871458174669,0.51013909075134212,0.83707878303651406,1.3184355243882822,1.2003598532821611,1.4248574428147445,1.6033190270455335],[0.440885607868314,0.53020315984179578,0.69919064621398563,0.859171357357855,0.96754269210769528,1.1108355284898557,1.1724270491361959],[0.42031258414395795,0.47477479729690719,0.51446906189826458,0.62201968514961881,0.86172117042445984,0.794593519257464,0.74457391164960651],[0.35009338414672292,0.42412662030579656,0.45840969785379526,0.657538381876678,0.59323436159446763,0.72152377459110162,0.74976597809228551],[0.37120464575029627,0.44609268662934409,0.5294248684641788,0.445057530011353,0.64440355391334836,0.7849568367273424,0.70177637514384239],[0.41537238945016719,0.43803360232404204,0.51458663143789662,0.55894353342362735,0.83990266861529339,0.71747523425235138,0.71900290969881542],[0.41933376492638391,0.53954396571536967,0.54281459523731823,0.68642656059591645,0.725191065976537,0.71561434688037029,0.878877194948604],[0.47061394384061056,0.62985196572190927,0.75975425188682344,0.74846199209530873,0.94676360348802746,0.81527551197307013,1.2205361175521787],[0.48343844112841827,0.66647533982305285,0.81444775550282367,0.98037879806587525,1.2432409815607395,1.5207832580442404,1.8979782502219644],[0.43271704366776848,0.77077570573082022,1.0914931127265122,2.5523370746529035,2.6026290539231161,2.6824813257255875,4.001263224695581],[0.47227001083025605,0.728978846811975,1.4147115688321317,2.7745521755010243,3.8922444271384085,3.7147535368961582,4.5360695154758979],[0.54066469403438566,0.659911507932618,2.1284274451759311,3.5826053436395444,3.8618956543437557,4.41229293188718,5.13149881505068],[0.52016374918840136,0.73367875142278727,2.2953461451880512,3.1934354083574981,2.9250514853569625,3.2672889678763779,4.7588425990509213],[0.54156646598434055,0.772274388595481,2.1323513458079848,3.9904403510950579,4.3781160357867437,4.0716526499888843,6.1571237539249442],[0.58264708887446248,0.61872901700364669,1.9290083270050469,3.9791713247621989,3.69723488463569,5.5335121785801817,7.7928852300137645]],"plotVarErrorBarsInd":3,"xRange":[1,2,3,4,5,6,7,8,9,10,11,12,13,14,15,16,17,18,19,20,21],"xLabel":"heading (deg)","yLabel":"delta degrees (x-axis)","labels":["MT-directionPreferenceVarianceFromCenter : 0","MT-directionPreferenceVarianceFromCenter : 60","MT-directionPreferenceVarianceFromCenter : 120","MT-directionPreferenceVarianceFromCenter : 180","MT-directionPreferenceVarianceFromCenter : 240","MT-directionPreferenceVarianceFromCenter : 300","MT-directionPreferenceVarianceFromCenter : 360"],"title":"{\\gamma} = 2"}