{"xTicks":[-50,-45,-40,-35,-30,-25,-20,-15,-10,-5,0,5,10,15,20,25,30,35,40,45,50],"matrix":[[30.620629620947355,31.83156100055152,33.841723312833253,32.443716690274549],[24.510568251039214,26.98458217034689,31.100362963194943,28.269352075008534],[20.548212765799466,22.389648258525931,25.964137580338573,24.672253943337918],[20.968838925682658,20.547954813648374,21.866269425696295,18.404384871734372],[17.958246122727019,17.953018282181812,17.864287034519105,16.300630038627457],[15.737908599075768,16.150677897171487,14.7182926799974,11.435175477796202],[13.495638541896014,13.954827774071648,10.700126496446934,9.4484717882048912],[10.292108655588468,10.420747970067133,9.5008728047204745,6.78206426940306],[6.93134004784929,7.1348248938039482,5.7927304513837843,3.6534310421369618],[3.3847168473105853,3.4252779595120582,2.8524687217013054,2.0255486384159389],[-0.59247895489369273,-0.58761921849828436,-0.56506572830986679,-0.98069728811008561],[-4.103470479372227,-4.00929719611146,-3.5367975822751578,-3.0471701812758232],[-8.0392906245547167,-8.1395607393462353,-6.919595638567932,-6.3917190430585276],[-11.267496544790715,-11.260530072378987,-9.1800056759653028,-7.7404285585686834],[-14.498811950167321,-14.672829987683071,-13.91240208262106,-11.028834518503754],[-17.029395086622436,-17.687268320084563,-14.234376588782458,-13.872848003271105],[-19.105364213464433,-18.99861401366331,-18.146650780982444,-16.581994717454627],[-20.472266091265286,-20.879932615660479,-22.197573302753877,-20.875672909275636],[-20.71411886029292,-21.684645739101306,-23.533118262917078,-23.444620605477667],[-25.392023153799023,-27.026274586692285,-30.53713893561352,-28.118150795286564],[-30.404352990356372,-33.41978594698552,-35.624181055567966,-32.510913340208724]],"errorMatrix":[[4.6820263793837862,6.1298070564163272,4.4813098027808316,5.2159668373252],[4.6861601375977164,7.4762802774053032,5.5345881763658573,5.6780783100630714],[4.2419771230579668,6.2354093153049313,4.64496502367078,4.4204032809302181],[2.9531416871675962,4.3061089995600836,3.8883447166428793,4.9934004889468229],[2.1274126272820166,3.4750605161576451,2.5407766548207245,3.8277250613422331],[1.4470069697902905,1.8574957636534855,2.415541078734937,4.0902205578385553],[0.92509064277023656,1.97600742363572,3.1787641531478941,4.7657686091693741],[0.728189243435944,1.1089771080135897,1.116227360620089,2.9941006583885534],[0.66123854408361,0.941273803529079,1.1007937908319396,2.5726886335962389],[0.6003057135714791,0.74895749847316029,0.8453099499007658,1.8334789255221597],[0.57453484658547294,0.71828343742224421,0.77552322001708074,1.565568039898777],[0.54483488320505635,1.0949198580954533,1.1622892279318542,2.3101256950644382],[0.68031844524098639,0.94891471800749194,1.0772050420543249,2.2414269919279137],[0.83832656158022067,1.4276323540248832,1.5759376281315967,3.5196959347994552],[0.89258333285639568,1.1647740222284786,1.234928227326122,2.8682326086511938],[1.7899274187748246,2.2623015190968956,2.9684303852781051,4.1384712339765715],[2.3259110586034883,3.3639487466538749,3.1039694398638749,4.08090061993021],[3.2253597438689923,5.3332569064163557,4.29157077662912,3.947492679407079],[4.389370824690789,6.6170663443033284,5.1046546576062655,4.84729075516138],[5.0315835902681,7.0325976766173417,6.012850730970861,5.2749050952087222],[4.3417056598202564,6.9033184581747138,5.5466143350245476,5.1983553885011311]],"plotVarErrorBarsInd":3,"xRange":[1,2,3,4,5,6,7,8,9,10,11,12,13,14,15,16,17,18,19,20,21],"xLabel":"heading (deg)","yLabel":"delta degrees (x-axis)","labels":["MT-speed-speedType : 0","MT-speed-speedType : 1","MT-speed-speedType : 2","MT-speed-speedType : 3"],"title":"{\\gamma} = 2"}