{"xTicks":[-50,-45,-40,-35,-30,-25,-20,-15,-10,-5,0,5,10,15,20,25,30,35,40,45,50],"matrix":[[30.157730044928162,20.039219757801011,15.77028674596048,12.896435925965426,10.961441139371134],[25.331530349177946,14.581315102953981,10.844614900884856,8.0565104403411389,6.3640468348255554],[19.759978689310923,9.48512094934429,5.74751629154731,3.6828274261033664,2.3108612943894338],[16.609664365479809,6.1668453456395431,3.1224928701487329,1.0891913149570316,0.092053677518813881],[13.048608320408421,3.2632076495948996,0.62370260271793776,0.10399860863895896,0.16009918356772546],[10.631190524148613,1.4080761766414012,0.18856244697259178,0.17417988066261869,0.318981084534833],[8.3444157046503591,0.61566661796966127,0.749732834565812,0.35387001665215734,0.18343658047453604],[6.3656380702304,-0.031673972328495628,-0.0676283950889646,0.017642664796454113,-0.32660869170839019],[4.1752756865223652,0.18714702163214947,-0.655829747215369,-0.13576559383630502,0.52580778354850755],[1.3436025503489055,-0.069021845691283654,-0.50564120000728174,-0.60724133105984313,-0.44432273311971754],[-1.1977961416860579,-0.3128553679521261,-0.66295935652158433,-1.0191980019826103,-0.38123748816054359],[-2.2715665451314226,-0.49621525694060792,-0.59335221896278811,-0.83228535710784546,-0.15285423363919723],[-5.4312571378830361,-0.96026854756573954,-0.88877705282046326,-0.50344990242602339,-1.2854774078653015],[-7.1494245726073373,-1.597164959477638,-0.57679616485367291,-0.62607516000875685,-0.91196822463353688],[-9.101986161206721,-1.52691989932078,-1.5233052296013481,-1.4861309917461174,-0.83683298226422109],[-12.21480396494092,-2.7208966596420656,-1.5500967753064776,-1.1735059026445769,-0.819393094590268],[-13.587217862857212,-3.8613183930129868,-1.7692378138860716,-1.1413141214393006,-1.1976475172029981],[-17.2253498841588,-6.8246929557024236,-3.9504885832668526,-1.5277855013863118,-0.52182421873145968],[-20.264307138074411,-9.8895865385963582,-6.321852501830679,-4.059224336594113,-2.5151232336092857],[-24.968167446610373,-14.719727307357962,-10.773747372470348,-8.0168128473465146,-6.0682156318079521],[-30.43925017643528,-19.633741760658143,-16.287835760879524,-13.499932846131642,-10.692541711801157]],"errorMatrix":[[2.2687224235871915,1.5486743283934579,1.5181420751125629,1.3433039634001791,1.4945409026264875],[1.8889547106702362,1.7111847569803327,1.6744603069163642,1.4414848980724189,1.7619558685835346],[1.9904351434378698,1.4872853061753042,1.3630954425919224,1.3733048514445416,1.554261738611773],[1.9578429645706863,1.4456516784785227,1.473698616016287,1.3143085991414991,1.6931056064610297],[1.9553889384107046,1.3708730196909209,1.5846820578052316,1.6552608291214974,1.7336796704012469],[1.9066259787946385,1.6716384460934957,1.9369458491893767,1.691054307931497,1.9749707772578777],[2.2017335136463743,2.00007107857482,1.8652749153232586,2.0205479935221358,2.0067772343052281],[1.7351857254126397,2.3475963778898197,2.4065177418900734,2.0812334574551876,2.2604794741871461],[1.92341451182133,2.4507861438450806,2.3336459299966048,1.92957762129534,2.3214043550728327],[1.58053918461236,2.7324510244035025,2.2360957462422477,2.3508698932035,2.7277303779039626],[1.9950941004288691,2.5397415705839865,2.3362611790194903,3.1055258668428749,3.4574477772310521],[1.9629463041140214,2.335133754401713,2.0158396468125725,2.19177535382237,2.9215455021989998],[1.5439790050521023,2.4611001423991596,2.229352759457047,1.9865430710655247,2.5068039822724573],[1.7526755075691491,2.3367102288766288,2.3579076547835656,1.7169076751232106,2.4817149005409855],[1.7678511399434895,1.8843553823569092,2.1093013292525549,2.2600145248135148,1.8958622657505708],[2.1530682498952549,1.8027452908274515,1.9221888926170969,1.9204512021542397,2.0718458613316955],[1.6375244848841808,1.4853392767248574,1.7423406815354596,1.7375451762726208,2.0384348035592392],[1.6491628806835497,1.4343448552618581,1.3805854588249857,1.6285779478278526,1.702642080914857],[1.7778012658348286,1.6236022308612543,1.3825646980940263,1.327691162479284,1.4282778697761804],[1.7767356069869971,1.6827907310384911,1.326618287370753,1.5660219193999416,1.3045770882422445],[2.1635957289155776,1.8281304436061796,1.695617621148525,1.3937051529468902,1.2215582407457142]],"plotVarErrorBarsInd":3,"xRange":[1,2,3,4,5,6,7,8,9,10,11,12,13,14,15,16,17,18,19,20,21],"xLabel":"heading (deg)","yLabel":"delta degrees (x-axis)","labels":["MSTd-cosTuningExp : 1","MSTd-cosTuningExp : 2","MSTd-cosTuningExp : 4","MSTd-cosTuningExp : 8","MSTd-cosTuningExp : 16"],"title":"{\\gamma} = 0.5"}