{"xTicks":[-50,-45,-40,-35,-30,-25,-20,-15,-10,-5,0,5,10,15,20,25,30,35,40,45,50],"matrix":[[27.200790757922803,26.304286382276629,27.988711109287177,28.023263331270737,34.683654766891387,47.685638747548509],[22.879330984295859,21.697993230168482,22.358177356519164,23.743393308241703,28.931908179033027,42.36682347021916],[16.770474630229518,16.015470594304976,17.083118402675158,17.397441357521533,20.158132605862409,34.2332634323273],[14.75790034710559,15.465460561202462,14.801556454153564,15.492796810695285,17.893722727350131,27.35791942608817],[14.249932746875338,14.938023601887906,15.211890146589699,15.016458087203914,15.5641811311203,21.96634668622205],[13.989453849468738,14.045773942061723,14.312106842392035,14.384615590024811,13.30758989686592,15.975658783654472],[12.605591436805735,12.98996481234632,13.26186855858484,14.081639216482108,13.441784221358212,13.477037306125743],[9.790663258209177,9.9590225908985,10.398763951488846,10.323764334822322,10.491514423092362,9.4850482647517467],[6.7318000587080675,6.90285738545252,6.9751982911741468,7.20254188994869,7.21732768578509,7.0449402425052767],[3.2346825435551154,3.3272462293499179,3.4411967187353243,3.4631977151147435,3.2817775641994018,3.1689840628790424],[-0.6934720380570748,-0.41909440971256318,-0.48517826865811414,-0.4713977346270829,-0.5421460166995109,-0.39205046935205379],[-4.0105497512244153,-4.1584085886713078,-4.24760251463472,-4.3523775323242289,-4.3432673628409191,-4.7000701092071155],[-7.9286381223728153,-7.9934514332026341,-7.8877317600825867,-8.0700848630861373,-8.0573849018123287,-8.0170554180916458],[-11.010750179605713,-11.018430496129213,-11.280058756586428,-11.555431008519577,-10.915343499422251,-10.695657277504942],[-13.619708856916354,-13.782621295447834,-13.932101890030568,-14.23947043468416,-13.748088205200077,-13.73977271631593],[-15.681144545580093,-15.339619179103588,-15.502062100916946,-15.799656541004545,-15.423889678260048,-16.805378937110014],[-15.821351405351583,-16.182234726187303,-16.443547268967606,-15.921400482511981,-15.956604620496591,-22.873317124233118],[-15.969674198992305,-15.910508436034279,-15.84068682435907,-16.00827808138752,-18.388977780109521,-28.796974188145004],[-14.579164758224845,-16.153519552614377,-16.613742490015028,-16.131052526437319,-19.54159789515181,-33.768305319988912],[-21.104027624120864,-19.943971999097815,-20.783170985914786,-21.994446253245538,-27.750612620685676,-41.660619988204736],[-25.811095306708854,-27.165822272615042,-27.366988953206,-27.88947638772644,-35.208680815590924,-48.8575325392284]],"errorMatrix":[[4.3695282557460073,3.6785210020646657,4.9089361136944181,4.4500391665781613,4.5436618571198828,3.213320187238327],[5.1192518624016925,3.9526978089191518,4.35183402379182,4.624630057810311,5.0667289639817179,3.688906117438123],[4.0073498733525206,4.4926161503134248,3.9434081473025064,4.8732242979123654,3.1636620650461844,3.6448722627370587],[4.0207261659793367,3.23582956794234,3.6923177539632333,3.2109808986822377,3.9811585674952616,3.4599926753698731],[2.997352834789111,2.5526540367765032,3.5801059988663093,4.0496618947451681,3.871795257268321,3.3466098882303377],[2.0483219708280185,1.9136696770652293,1.9450682942582376,2.5361501352891294,2.9147320981358118,3.0315938831296787],[1.2510699804997532,1.1369607797859111,1.2893915388088222,1.0128104214324722,1.5145530298626053,2.4549728112012774],[0.86143128510619682,1.0203166291390593,0.7434344902341391,0.78986095257067934,1.0901573464177499,1.8856283921182062],[0.82590681036608449,0.91737734338312593,0.700490691164555,0.68393488388886736,0.76284683698739031,1.2650705469131802],[0.71069814999617775,0.73023899215453192,0.56060287578524193,0.48441795316952,0.45597594452967755,0.84551913459676165],[0.723079194796877,0.683905671767588,0.53563331818388327,0.60999421825176392,0.51137129139221893,0.560425517974574],[0.71762969582583669,0.821452194044966,0.6164245594791633,0.47033002205470043,0.664741251685546,0.86168799081641823],[0.8171439087108856,0.68093502270973127,0.72544454157467553,0.55260581415169907,0.71744086347376146,1.4019443036723442],[0.96585352033901,0.88508498996368068,0.76246866403273661,0.8591671280161548,0.94341133302366786,1.9765307713222096],[1.0664017947787585,1.1783681127758969,1.3168599510526473,1.1417231444934441,1.788513820936515,2.8438926357803331],[1.9081133772503593,2.0541988846645181,1.869318709592221,2.2250787314918354,3.1229748501343426,3.31593486190475],[3.0350803958788242,2.9530605668363052,2.8161220078961593,3.1510452075464421,3.7443553044912057,3.2921722868410623],[3.7950654806240141,4.0915469944891463,4.0875961498637272,3.7406934667887253,4.498932338936088,3.23145120320792],[3.1495637298659669,3.3652503369812981,3.7434551559244991,4.229412413058161,4.3256638841997885,3.8921198559760097],[4.4891589435994428,3.5196914599273503,4.5365423673713847,5.0502268917823594,4.8573822976093393,4.2218323776905349],[3.8583040709369616,4.3527581373155337,4.017403409223693,5.2209213557280592,3.9917064722285889,4.03459980076406]],"plotVarErrorBarsInd":3,"xRange":[1,2,3,4,5,6,7,8,9,10,11,12,13,14,15,16,17,18,19,20,21],"xLabel":"heading (deg)","yLabel":"delta degrees (x-axis)","labels":["MSTd-distWtSigmaModifier : 1","MSTd-distWtSigmaModifier : 0.8","MSTd-distWtSigmaModifier : 0.6","MSTd-distWtSigmaModifier : 0.4","MSTd-distWtSigmaModifier : 0.2","MSTd-distWtSigmaModifier : 0.1"],"title":"{\\gamma} = 2"}