{"xTicks":[-50,-45,-40,-35,-30,-25,-20,-15,-10,-5,0,5,10,15,20,25,30,35,40,45,50],"matrix":[[20.299435761179897,21.331827026240916,23.216424387330996,22.003615512308844],[15.048029858496415,18.014097413480066,23.698569866235566,20.556122661747658],[10.291165374288937,11.055610665900929,12.860948633837436,11.589716525779288],[7.1866618738389665,7.761556719793421,8.1555300122178327,7.6248613352586974],[3.7769092129846036,4.2052052326982654,3.955704225663756,3.3903584610963491],[1.7994289263750562,3.1518868927001473,0.84935447850527757,-0.94019315898386924],[0.77478164258861038,1.7633194229483622,-1.7993440881085683,-2.6590678526507658],[-0.54877126916036045,-0.075049412484304273,-3.2908774482228313,-6.3609593545079113],[-0.74400881616642822,-0.27021447416922456,-4.8597948979468857,-6.6261348621567517],[-0.037953402862400371,-0.55196431260389156,-1.8688352746233283,-7.3393218718147546],[-0.77342994957578637,-0.4500865260714918,0.15596251151154178,-2.40434773614995],[-0.79601061242605042,-0.13510468017773974,1.8241199618742325,6.4627325091076724],[-1.2996788175816016,-1.6456706460375745,2.4267079629769785,6.1838090201439648],[-1.0341238631159573,-1.8104175857759151,4.2918981108725385,5.1170126550689439],[-2.1685993321086636,-1.7361859145528775,0.73720199580429924,3.3703454101540604],[-3.7039777142084085,-4.2250001671646586,-1.4566285330045634,-0.319738997115284],[-4.7437437024223081,-6.0061382012507591,-5.0923808318751,-3.6785036705648109],[-7.6275776133144326,-8.74457715597891,-8.4237742593329319,-8.0187446318049425],[-10.877432242920158,-11.828579805949762,-13.565119269623692,-13.023475000403009],[-15.571833394746028,-17.325379855847721,-21.596399522924461,-19.099967509539475],[-21.354694825793921,-22.941883348952434,-24.068385361967675,-23.032684352983271]],"errorMatrix":[[1.961799520123765,2.6836761348117695,3.2037350865928316,1.6739088062580081],[1.5595326308982009,3.6943026041036462,5.2005961816488426,3.3194669998985891],[1.5539997319566479,2.5836572482884668,2.2728861072238824,1.5245588320252237],[1.7890616816671114,2.4779239928629346,1.8226604659404715,1.64879135087762],[1.5641496722712904,2.0947085190955832,1.9573082586997308,1.6067499652101105],[1.6019641696600766,2.258081428397877,1.6192095049165334,2.1147319953580048],[1.8724436408702971,2.4049158166771223,3.0451500642363487,3.8681061701841717],[2.24353564059105,2.8087958489231468,1.8211133618649331,3.0866247296339409],[2.2015053273455303,3.5573252966035183,3.8835646511209108,5.5118401828478838],[2.7394997909838681,3.4860299658259915,4.1432028104379546,5.9457199783401986],[2.9326417568539438,3.498936449799777,3.9699238476788832,8.29626645619265],[2.16709577695031,4.2433861883640676,5.9627743957869779,6.9830913787944038],[1.7988542279270539,3.5818004585596719,3.5123213374304312,4.6010933419012376],[2.0794681879031143,3.5351330331043749,3.206496360818007,5.1564611920350965],[2.0861369610760825,2.6628690831630983,1.8888802728371856,2.7443885480209218],[1.6026662155764286,2.9193713137875825,3.67299868207362,2.1702320249193856],[1.580711504699345,2.3585554876071964,1.6334682036809596,1.7182502779465965],[1.6073457629349364,2.166752698200455,1.9394770097912339,1.5963779699872143],[1.5512288361306634,2.5864284065230656,2.7896997699166,1.9543841867292484],[1.5743892664953938,3.3923309485580484,3.9646860141724223,2.5676468389193161],[1.81857972149206,3.3290004934925408,3.7746604387264449,1.7991031682640359]],"plotVarErrorBarsInd":3,"xRange":[1,2,3,4,5,6,7,8,9,10,11,12,13,14,15,16,17,18,19,20,21],"xLabel":"heading (deg)","yLabel":"delta degrees (x-axis)","labels":["MT-speed-speedType : 0","MT-speed-speedType : 1","MT-speed-speedType : 2","MT-speed-speedType : 3"],"title":"{\\gamma} = 0.5"}