{"xTicks":[-50,-45,-40,-35,-30,-25,-20,-15,-10,-5,0,5,10,15,20,25,30,35,40,45,50],"matrix":[[11.581001094527865,14.540424332644642,19.251004958222826,23.42692027720506,26.90645933166099,30.783244822566338,31.694710554844296],[6.5641977219310856,9.4729269286516491,15.066826542010089,19.152837595990526,22.850742297721251,26.592185708667259,29.3286153112831],[1.8467434145074404,4.2811708222094147,9.5843676830996554,12.778883179462055,16.682424830678929,19.405677387183623,20.4928138082805],[-3.124147453672899,-0.22293334366850068,6.3206869591612111,10.629030179885046,15.014455527556942,21.921405907679421,22.97083050797265],[-7.0161112842316866,-3.5026643686294312,3.2889543839271984,9.47497724269562,14.875759617044087,20.685310226391877,23.789357339584338],[-10.706869945675694,-6.9470805466680305,1.1579428571207619,7.8408372035041314,14.228264034425457,19.694423273336323,21.960047269512931],[-15.526704854570726,-10.676385676358571,0.53909630643025619,8.20199633324807,13.088038700326436,16.837806055901762,18.113546727825177],[-19.738180105947961,-12.652705978828937,-0.47645403386651985,6.759923829174177,10.292132583841756,12.867426713014888,13.672845291249894],[-15.313890530023844,-11.019119123645776,-0.75213107042835947,4.6434768009098359,6.8976869095304769,8.5011710517121468,9.0686224553254888],[-6.4627523337841044,-3.7487368736309077,0.44413617945720185,2.2097659649342405,3.3907699662912791,4.060786965263472,4.3801410135209515],[-1.8663736632023942,-0.73202583499857865,-1.0068350252921834,-0.60096779017434265,-0.6009897331947065,-0.50033518485354012,-0.43309725390408405],[16.854609234858966,6.7810227107248329,0.29516424104904915,-2.8996018181564214,-4.2385934446541258,-4.8831494304826846,-5.19911004100466],[18.160732581589205,8.5149112615555538,-1.7006287649624698,-5.6653422289217916,-7.9446188280819046,-9.4567459658905015,-9.91560417454647],[16.056216988563339,9.6774977372234723,-1.0116205706742709,-7.3120767164100142,-11.160321592487882,-13.788440242690694,-14.523803091458797],[13.38430085517918,7.8986896077858351,-1.5295895947436049,-8.553648157586478,-13.918892248017672,-17.714679834542583,-18.989335555691927],[10.378327705540189,6.5249397623845686,-2.2776499686338871,-9.6691731655758453,-15.6534936742635,-20.657973413145267,-22.986978674708087],[6.8313514234393509,3.1436802539398507,-3.9487369285350984,-9.7493549937199866,-16.089004965404467,-23.075518934094006,-25.489832535212987],[2.542975137692145,-0.78668811904079372,-6.9631989710150117,-11.341575671735852,-15.457273548470415,-21.076349148988403,-23.851479916094242],[-2.1840525538257634,-4.8680960478239994,-9.9895079438787153,-12.912233544103083,-15.927629394843452,-18.053856209936257,-19.50026944753926],[-7.1610048137139657,-9.9585900421421734,-14.353508159070115,-17.670063289887345,-20.841838790520782,-23.202326733466052,-25.212720342391467],[-12.270779485142979,-15.049306541622187,-20.113150035635989,-23.452810000036934,-27.676587661007012,-31.535192384790552,-29.150473500560633]],"errorMatrix":[[0.47822031023151207,0.877849059966462,1.5274279261072639,2.1361373714893808,4.1576141864558416,7.0110932267369659,8.2913550063724486],[0.67802074398043954,0.95436683590618421,1.5468866526037077,2.7216084133100993,4.61673385327836,7.0318574581606832,8.6596445497965426],[0.92657659223055,0.80647904280862781,1.5138672267412157,2.3323180005940234,4.3147166789660165,5.3575518087678971,7.5900698166814644],[0.81341067056153338,0.8679826515985537,1.5141777632559719,2.3306570096666337,4.15895962546052,5.2880758111134405,7.0080473251807662],[0.92562869364157552,1.2837381229552132,1.6921149793427883,2.3445474020905692,2.8384548804905871,4.5854662831977189,4.2627040030131456],[1.5546917628417798,1.3460342396238862,1.5488569098143825,2.2797543386626153,1.7873258901228688,1.3620786429899217,1.2128743741711787],[2.6915405024657009,1.6352809578840439,1.8974473867763255,1.6765571649920428,1.1527773778073611,0.65399513577832158,0.48368182341861943],[3.7660933644501426,3.6775637585506793,2.1796107877201458,1.6252106164531464,0.84072944217889012,0.5160066361690413,0.35005691567530145],[11.442726330233803,5.3703551600079766,2.7066513132900725,1.4115871580469046,0.7905940732949216,0.34476795032514418,0.23527073767452272],[18.080157489254894,8.71212186979939,2.481333980344663,1.1644918488514766,0.7329387600451881,0.35027240656407432,0.26569833142624949],[14.707901183492128,6.883471050386623,2.8074485952186805,1.0855500250762207,0.548625523778385,0.27950905171855522,0.25506879304252233],[12.616373088120314,6.87339333883727,2.5808275073114775,1.006063974994778,0.56150696593999516,0.34639571566016025,0.20899742167708535],[7.0547640415268713,5.441866525835783,2.5859078545258565,1.2332400013131022,0.67244603853934026,0.39887135438653526,0.22581611139489852],[5.1213401829340208,3.2161746845060031,2.5586394378044548,1.4154390402757568,0.80151432429737757,0.49411263540810857,0.42140952980513391],[3.4631924190056753,2.6783452166702979,2.1262652085776246,1.7210203702214721,1.2519379602851726,0.69709476496985734,0.50772825316667758],[2.0662651266252605,1.5073397060980067,1.9450099458413783,2.0977844041367346,1.6772576275317586,1.7730135833680882,0.87190982393302752],[1.2750124979582962,1.0958553205538932,1.4421136482030781,2.3595673189696762,3.0324173233077052,2.651948665013435,2.9623636041922845],[0.98920942098221187,0.9728392971533949,1.43788726393082,2.1141787028326307,3.5599607944294709,5.5427449014235259,6.8231032983426623],[0.71807037719671474,0.96948346416047115,1.5263244071538178,1.750445353512047,3.5078195746876775,4.3505524915762,7.7872793200958119],[0.73238326480422911,0.95490692752528084,1.8536470607092255,2.2626224748579329,4.3045796771774,5.1795803595471215,7.502692881306527],[0.75718168498042748,1.0354867045025018,1.9477203173168318,2.467745701690311,4.9877657643452746,7.6294096814673429,6.107406962998593]],"plotVarErrorBarsInd":3,"xRange":[1,2,3,4,5,6,7,8,9,10,11,12,13,14,15,16,17,18,19,20,21],"xLabel":"heading (deg)","yLabel":"delta degrees (x-axis)","labels":["{\\beta} = 0.1","{\\beta} = 0.2","{\\beta} = 0.5","{\\beta} = 1","{\\beta} = 2","{\\beta} = 5","{\\beta} = 10"]}